Names,Prices,Changes,PercentChanges,CirculatingSupplys
Bitcoin USD,"9,440.58",-47.27,-0.50%,18.403M
Ethereum USD,237.19,-1.03,-0.43%,111.331M
Tether USD,1.0032,+0.0011,+0.11%,9.188B
XRP USD,0.1934,-0.0007,-0.34%,44.113B
Bitcoin Cash USD,239.91,-2.40,-0.99%,18.434M
Litecoin USD,44.86,+0.06,+0.14%,64.942M
Binance Coin USD,16.60,-0.09,-0.52%,155.537M
EOS USD,2.5977,-0.0025,-0.10%,933.452M
Cardano USD,0.0784,-0.0013,-1.60%,25.927B
Stellar USD,0.0732,+0.0001,+0.08%,20.314B
Chainlink USD,4.0669,-0.0260,-0.63%,350M
Monero USD,66.03,+0.18,+0.28%,17.594M
TRON USD,0.0165,+0.0000,+0.02%,66.682B
Neo USD,11.06,+0.09,+0.86%,70.539M
Ethereum Classic USD,6.379154,-0.042392,-0.66%,116.313M
Dash USD,73.36,-0.23,-0.31%,9.545M
IOTA USD,0.2275,+0.0026,+1.16%,2.78B
VeChain USD,0.0098,+0.0001,+0.75%,55.455B
Zcash USD,51.75,-0.02,-0.04%,9.368M
NEM USD,0.0452,+0.0001,+0.28%,9B
Basic Attention Token USD,0.2283,-0.0014,-0.59%,1.472B
Dogecoin USD,0.0025,-0.0000,-0.35%,124.972B
DigiByte USD,0.0226,-0.0011,-4.71%,13.238B
0x USD,0.3735,+0.0158,+4.43%,655.492M
OMG Network USD,1.6157,+0.0595,+3.82%,140.245M
Kyber Network USD,1.2283,-0.0621,-4.81%,180.128M
Decred USD,16.89,-0.40,-2.32%,11.615M
ICON USD,0.3366,+0.0056,+1.69%,547.639M
Qtum USD,1.7400,-0.0104,-0.60%,96.775M
Augur USD,14.68,-0.26,-1.75%,11M
Lisk USD,1.2345,+0.0030,+0.24%,124.111M
Bitcoin Gold USD,8.674535,+0.021318,+0.25%,17.514M
Nano USD,1.1143,+0.0041,+0.37%,133.248M
Siacoin USD,0.0031,+0.0003,+10.24%,41.817B
Waves USD,1.2273,+0.0161,+1.33%,102.19M
MonaCoin USD,1.7673,-0.0117,-0.66%,65.73M
Verge USD,0.0070,+0.0007,+11.70%,16.296B
Loopring USD,0.1048,+0.0010,+0.98%,1.059B
Komodo USD,0.8291,+0.0748,+9.92%,120.233M
Status USD,0.0258,-0.0006,-2.17%,3.47B
MCO USD,5.165739,+0.011784,+0.23%,15.794M
Steem USD,0.2046,-0.0005,-0.26%,368.577M
Horizen USD,7.811041,-0.185949,-2.33%,9.277M
BitShares USD,0.0219,+0.0001,+0.55%,2.75B
MaidSafeCoin USD,0.1263,+0.0016,+1.30%,452.552M
Golem USD,0.0570,+0.0021,+3.77%,988.81M
Bancor USD,0.8040,-0.0381,-4.52%,69.149M
HyperCash USD,1.2443,-0.0106,-0.84%,44.649M
Ardor USD,0.0536,+0.0011,+2.08%,998.999M
Zcoin USD,4.5301,-0.0228,-0.50%,10.323M
Aeternity USD,0.1476,+0.0019,+1.33%,312.727M
Bytecoin USD,0.0002,-0.0000,-0.77%,184.067B
iExec RLC USD,0.4914,-0.0099,-1.98%,80.071M
Stratis USD,0.3836,-0.0223,-5.48%,99.836M
Aragon USD,1.1781,+0.0050,+0.42%,31.481M
Gnosis USD,30.66,-0.19,-0.61%,1.105M
Ark USD,0.2512,+0.0008,+0.31%,121.569M
Waltonchain USD,0.3866,+0.0026,+0.68%,69.652M
BitcoinDark USD,20.53,+0.00,+0.00%,1.289M
PIVX USD,0.4578,+0.0099,+2.21%,56.781M
FunFair USD,0.0039,-0.0000,-0.48%,6.549B
Storj USD,0.1490,-0.0025,-1.66%,162.087M
Metal USD,0.3173,-0.0011,-0.35%,65.484M
Populous USD,0.3870,-0.0030,-0.77%,53.252M
Civic USD,0.0299,+0.0013,+4.45%,670M
Syscoin USD,0.0306,+0.0008,+2.53%,587.764M
Iconomi USD,0.1803,0.0000,0.00%,100M
Gas USD,1.7652,+0.1187,+7.21%,10.128M
Vertcoin USD,0.2884,-0.0062,-2.11%,55.168M
Factom USD,1.7284,-0.0311,-1.77%,9.213M
Voyager Token USD,0.0649,+0.0079,+13.91%,222.295M
Obyte USD,18.81,-0.07,-0.38%,"749,028"
Blocknet USD,1.9679,+0.2467,+14.33%,6.873M
Nexus USD,0.2083,-0.0013,-0.60%,64.672M
SingularDTV USD,0.0193,+0.0005,+2.53%,600M
Nxt USD,0.0114,+0.0001,+1.25%,999M
QASH USD,0.0315,-0.0005,-1.43%,350M
NavCoin USD,0.1586,-0.0029,-1.78%,68.872M
Veritaseum USD,4.6707,-0.3674,-7.29%,2.15M
Neblio USD,0.5906,+0.0317,+5.67%,15.873M
DigixDAO USD,45.47,-0.33,-0.73%,"196,882"
Kin USD,0.0000,-0.0000,-2.12%,1.518T
AdEx USD,0.0981,-0.0005,-0.51%,86.783M
Metaverse ETP USD,0.1080,-0.0026,-2.37%,78.36M
Melon USD,6.101575,+0.605963,+11.03%,1.25M
TaaS USD,0.8761,+0.0120,+1.39%,8.146M
TenX USD,0.0471,-0.0007,-1.43%,145.755M
Voyager Token USD,0.0247,-0.0017,-6.38%,97.622M
Particl USD,0.6286,+0.0092,+1.49%,9.096M
SALT USD,0.0706,+0.0004,+0.53%,80.284M
Quantum Resistant Ledger USD,0.0787,-0.0130,-14.19%,71.354M
Wings USD,0.0553,-0.0002,-0.40%,97.26M
SmartCash USD,0.0031,-0.0001,-2.73%,1.414B
GameCredits USD,0.0630,+0.0027,+4.41%,69.836M
